{
  "topic_representations": {
    "0": [
      [
        "recursos humanos",
        0.025780736931327892
      ],
      [
        "empresa",
        0.02249441047338494
      ],
      [
        "proceso",
        0.020298737793479366
      ],
      [
        "personal",
        0.013894545974002978
      ],
      [
        "desarrollo",
        0.011622951599393213
      ],
      [
        "reclutamiento selecci\u00f3n",
        0.011594745069400749
      ],
      [
        "salta",
        0.011357555465306752
      ],
      [
        "herramientas",
        0.009040168791377957
      ],
      [
        "empleados",
        0.008669700628881248
      ],
      [
        "horas",
        0.008401613669909337
      ]
    ],
    "1": [
      [
        "investigaci\u00f3n",
        0.022530432732028212
      ],
      [
        "recursos humanos",
        0.016106998302969733
      ],
      [
        "gesti\u00f3n",
        0.015942991144394375
      ],
      [
        "empleados",
        0.015593121118225847
      ],
      [
        "relaci\u00f3n",
        0.014034557190891814
      ],
      [
        "salud",
        0.013553618760288683
      ],
      [
        "desempe\u00f1o",
        0.01281611630355367
      ],
      [
        "social",
        0.012661736984253106
      ],
      [
        "teletrabajo",
        0.012424150530264626
      ],
      [
        "estr\u00e9s",
        0.011629113997238217
      ]
    ],
    "2": [
      [
        "clima",
        0.06087664093371619
      ],
      [
        "clima organizacional",
        0.03944233036326994
      ],
      [
        "clima laboral",
        0.0255602667690235
      ],
      [
        "productividad",
        0.024204906534773238
      ],
      [
        "evaluaci\u00f3n desempe\u00f1o",
        0.019255785775433982
      ],
      [
        "empleados",
        0.018226030505750127
      ],
      [
        "satisfacci\u00f3n laboral",
        0.015776932145307974
      ],
      [
        "recursos humanos",
        0.01445280194045901
      ],
      [
        "desempe\u00f1o laboral",
        0.01413213015255562
      ],
      [
        "cultura",
        0.013754132696738558
      ]
    ],
    "3": [
      [
        "empleados",
        0.015621832444166237
      ],
      [
        "habilidades",
        0.015616990924683745
      ],
      [
        "motivaci\u00f3n",
        0.014640928991891013
      ],
      [
        "liderazgo",
        0.014341992328066554
      ],
      [
        "calidad",
        0.014228119780718272
      ],
      [
        "diferencias",
        0.01262289879765187
      ],
      [
        "recursos humanos",
        0.011735749688349149
      ],
      [
        "organizaciones",
        0.010822354926563782
      ],
      [
        "objetivos",
        0.009827254448384275
      ],
      [
        "capital",
        0.009760619327927341
      ]
    ]
  },
  "topics": [
    0,
    1,
    3,
    2,
    1,
    2,
    0,
    0,
    2,
    2,
    0,
    0,
    1,
    0,
    0,
    1,
    0,
    1,
    3,
    3,
    0,
    3,
    0,
    0,
    0,
    0,
    3,
    0,
    0,
    0,
    1,
    3,
    1,
    1,
    3,
    3,
    0,
    0,
    3,
    0,
    1,
    0,
    2,
    0,
    0,
    0,
    3,
    1,
    1,
    3,
    1,
    2,
    3,
    2,
    1,
    1,
    0,
    1,
    0,
    3,
    2,
    2,
    0,
    3,
    0,
    2,
    1,
    0,
    1,
    1,
    1,
    3,
    3,
    1,
    0,
    3,
    0,
    0,
    1,
    1,
    1,
    0,
    3,
    2,
    3,
    2,
    0,
    0,
    3,
    0,
    1,
    0,
    0,
    0,
    0,
    1,
    3,
    0,
    1,
    3,
    3,
    3,
    3,
    0,
    0,
    0,
    1,
    0,
    0,
    0
  ],
  "topic_sizes": {
    "0": 46,
    "1": 27,
    "3": 25,
    "2": 12
  },
  "topic_mapper": [
    [
      -1,
      -1
    ],
    [
      0,
      0
    ],
    [
      1,
      1
    ],
    [
      2,
      2
    ],
    [
      3,
      3
    ]
  ],
  "topic_labels": {
    "0": "0_recursos humanos_empresa_proceso_personal",
    "1": "1_investigaci\u00f3n_recursos humanos_gesti\u00f3n_empleados",
    "2": "2_clima_clima organizacional_clima laboral_productividad",
    "3": "3_empleados_habilidades_motivaci\u00f3n_liderazgo"
  },
  "custom_labels": [
    "Gesti\u00f3n Estrat\u00e9gica de Recursos Humanos en Empresas: Procesos y Herramientas.",
    "Gesti\u00f3n de Recursos Humanos: Salud, Estr\u00e9s y Retenci\u00f3n de Empleados",
    "Satisfacci\u00f3n Laboral y su Impacto en el Desempe\u00f1o Organizacional",
    "Desarrollo de Habilidades y Motivaci\u00f3n en el Capital Humano Organizacional"
  ],
  "_outliers": 0,
  "topic_aspects": {}
}