{
  "topic_representations": {
    "-1": [
      [
        "trabajo",
        0.022830439449720824
      ],
      [
        "investigaci\u00f3n",
        0.022437665474814836
      ],
      [
        "ni\u00f1os",
        0.012812899020995295
      ],
      [
        "adolescentes",
        0.011044157963180203
      ],
      [
        "nivel",
        0.01003207345325065
      ],
      [
        "rol psic\u00f3logo",
        0.009372387530854733
      ],
      [
        "rugby",
        0.009193409822946644
      ],
      [
        "riesgo",
        0.00904384360373893
      ],
      [
        "violencia",
        0.00865920911956741
      ],
      [
        "licenciatura psicolog\u00eda",
        0.008630056545623892
      ]
    ],
    "0": [
      [
        "mujeres",
        0.0537921608257922
      ],
      [
        "participantes",
        0.02010912929816937
      ],
      [
        "violencia g\u00e9nero",
        0.01916900762510527
      ],
      [
        "provincia salta",
        0.013866701381381845
      ],
      [
        "entrevistas",
        0.013778355742008834
      ],
      [
        "presente investigaci\u00f3n",
        0.013148670134888872
      ],
      [
        "capital",
        0.012733552424630395
      ],
      [
        "v\u00edctimas",
        0.012251230140441272
      ],
      [
        "relaci\u00f3n",
        0.012026206350916833
      ],
      [
        "juegos",
        0.01196354153529092
      ]
    ],
    "1": [
      [
        "salud",
        0.012951345039544851
      ],
      [
        "trabajo",
        0.011454859740724972
      ],
      [
        "ciudad salta",
        0.010789260102101905
      ],
      [
        "entrevistas",
        0.010293519756447853
      ],
      [
        "participantes",
        0.010215713111362478
      ],
      [
        "an\u00e1lisis",
        0.010025925689251916
      ],
      [
        "psicolog\u00eda",
        0.00993025020237903
      ],
      [
        "cualitativo",
        0.00975263760261059
      ],
      [
        "hospital",
        0.009006609662049173
      ],
      [
        "j\u00f3venes",
        0.008227068538210675
      ]
    ],
    "2": [
      [
        "poder judicial",
        0.06779123125208322
      ],
      [
        "poder",
        0.060263057067955164
      ],
      [
        "servicio psicolog\u00eda",
        0.046331376555286206
      ],
      [
        "pasant\u00eda acad\u00e9mica",
        0.04235831302063542
      ],
      [
        "forense",
        0.041338243255938836
      ],
      [
        "mediaci\u00f3n",
        0.03950290537925115
      ],
      [
        "rol psic\u00f3logo",
        0.03833579825635957
      ],
      [
        "psic\u00f3logo jur\u00eddico",
        0.03815224161299589
      ],
      [
        "judicial provincia",
        0.032174088631183526
      ],
      [
        "distrito centro",
        0.03002758981835151
      ]
    ]
  },
  "topics": [
    1,
    0,
    -1,
    1,
    -1,
    2,
    1,
    2,
    1,
    1,
    -1,
    2,
    1,
    2,
    1,
    1,
    0,
    0,
    1,
    -1,
    1,
    1,
    1,
    -1,
    0,
    0,
    1,
    1,
    1,
    1,
    1,
    1,
    1,
    1,
    1,
    -1,
    1,
    1,
    1,
    1,
    1,
    1,
    1,
    -1,
    1,
    2,
    2,
    1,
    1,
    0,
    1,
    0,
    -1,
    -1,
    0,
    1,
    1,
    -1,
    0,
    -1,
    0,
    -1,
    1,
    1,
    1,
    0,
    -1,
    1,
    1,
    -1,
    1,
    1,
    2,
    0,
    -1,
    1,
    2,
    1,
    -1,
    -1,
    1,
    1,
    0,
    1,
    1,
    1,
    -1,
    1,
    -1,
    1,
    1,
    1,
    0,
    1,
    -1,
    1,
    1,
    1,
    1,
    1,
    -1,
    1,
    1,
    1,
    -1,
    1,
    1,
    1,
    1,
    1,
    1,
    0,
    1,
    1,
    1,
    -1,
    1,
    1,
    -1,
    1,
    1,
    0,
    1,
    -1,
    1,
    1,
    1,
    1,
    1,
    1,
    1,
    -1,
    1,
    0,
    -1,
    1,
    1,
    1,
    1,
    1,
    1,
    -1,
    0,
    1,
    1,
    1,
    1,
    1,
    1,
    1,
    1,
    1,
    0,
    0,
    1,
    1,
    1,
    1,
    1,
    1,
    1,
    1,
    1,
    1,
    1,
    -1,
    1,
    1,
    1,
    1,
    1,
    0,
    1,
    1,
    1,
    1,
    1,
    1,
    1,
    -1,
    0,
    0,
    0,
    1,
    1,
    -1,
    1,
    -1,
    1,
    1,
    1,
    1,
    0,
    -1,
    1,
    1,
    1,
    1,
    1,
    1,
    1,
    -1,
    -1,
    1
  ],
  "topic_sizes": {
    "1": 136,
    "0": 25,
    "-1": 35,
    "2": 8
  },
  "topic_mapper": [
    [
      -1,
      -1
    ],
    [
      0,
      0
    ],
    [
      1,
      1
    ],
    [
      2,
      2
    ]
  ],
  "topic_labels": {
    "-1": "-1_trabajo_investigaci\u00f3n_ni\u00f1os_adolescentes",
    "0": "0_mujeres_participantes_violencia g\u00e9nero_provincia salta",
    "1": "1_salud_trabajo_ciudad salta_entrevistas",
    "2": "2_poder judicial_poder_servicio psicolog\u00eda_pasant\u00eda acad\u00e9mica"
  },
  "custom_labels": [
    "Documentos diversos",
    "Violencia de G\u00e9nero: Estudio de Casos en Mujeres Salte\u00f1as",
    "Representaciones Psicosociales en la Inclusi\u00f3n Laboral de J\u00f3venes en Salta",
    "Pr\u00e1cticas Forenses en Psicolog\u00eda Jur\u00eddica: Evaluaci\u00f3n y Mediaci\u00f3n."
  ],
  "_outliers": 1,
  "topic_aspects": {}
}